agent_id,author,subreddit,opinion_text,initial_belief,created_utc,parent_id,link_id,score
0,agent_0,politics,"I'm sure the immigrant children sitting in cages are all moved by the ""symbolism"" of third-party votes.",-2,1554076800,t1_eju8n44,t3_b7p267,-1
1,agent_1,politics,"youve seen people say ""they're not hurting the right people"" and locking kids up at the border, defunding the special olympics.  it would be nice if his supporters finished their sentences with, ""i have to return some video tapes"".",-2,1554076856,t1_eju87al,t3_b7sa1t,4
2,agent_2,politics,"According to crime statistics of legal and illegal immigrants, and “native” white Americans, the quality of the people coming here from there, legal or illegal, is higher than the quality of people already here.",-2,1554077071,t1_ejtxiwj,t3_b7o2l5,1
3,agent_3,politics,"He’s conservative for a Democrat. I’m not sure I’d say he’s a conservative full stop. His stances on healthcare, immigration, abortion, and taxes simply don’t align with American conservatives.",0,1554077193,t1_ejuat85,t3_b7ozy0,2
4,agent_4,politics,"There is an age-old adage about attacking the root of the problem.  The root of the immigration ""problem"" is not a lack of a border wall...",-1,1554077250,t3_b7tq4r,t3_b7tq4r,1
5,agent_5,politics,"what law would that be?  rules state that all financial statements must follow a set of standards. especially important for public companies. yet public companies do manage to stray from this strict template to give their own overview of the situation and make things seem more favorable. when they are audited, that means independently verified by a third party, is when the statements must be most accurate.  the financial statements are estimates made by management. the important thing is is that there is no material misstatement or fraud. you have to really be familiar with the financial statements and company to know what is material and what isnt.   further these statements were made for the banks. trumps company is private. there is usually a paragraph in the financial statements saying they are only made for the bankers and management, because 3rd parties simply dont understand whats going on by looking at only the document. to rip it apart as a journalist without understanding it would be easy. you can tell by the language they dont understand financial statements, and just went through it looking for ah-ha things to highlight.  so yea there can be inconsistencies. errors. even fudged numbers and borderline lies. from our pov we dont know if it was management or the 3rd party that got things wrong and is to blame. its also the banks job to understand and be ok with the statements.  so there is no jurisdiction until there is a problem, and it would be very hard to prove the problem is intentional. that is why the 'law was not enforced'. find me one set of financials where they downplay future revenues and highlight debt. you wont. its not what financials are made for. they are made to show off the company. since trump was buddy buddy with the bank and these werent public, he could get away with a little more than others when it comes to messing with the numbers. sometimes the loan is already in place and the financials are just a formality because they are required by the bank.",0,1554077482,t1_ejtwk38,t3_b7sa1t,0
6,agent_6,politics,"&gt;I did exactly what you demanded  None of what you posted was ""fake news"". I even explained why. Yet, you've ignored that post. Probably because you can't actually refute the facts I've layed out.  &gt;ignore my cites  You didn't cite any fake news. You're hungup on media labels because you don't understand the difference between deportations and locking refugees up indefinitely.   &gt;for pointing out you're intellectually dishonest  I dare you to point out where and how I've been dishonest.   &gt;You know you're wrong and now others know it too  This is called projection.    &gt;Welcome to the real world  How ironic. LOL 😂",0,1554077831,t1_eju86ir,t3_b7qbq7,0
7,agent_7,politics,Borderline incoherent. What are you trying to say?,0,1554077838,t1_eju7nw0,t3_b7s5hz,6
8,agent_8,politics,"I never called Democrats ""enemies"", just that they were acting ridiculous.  Also, Democrats aren't even alleging Trump is a corrupt politician (or they did allege that, then spent tens of millions of dollars investigating it to learn that it wasn't true).  They're alleging he overvalued his own property appraisals like 15-30 years ago.  Mind you, this hasn't been an issue up until now.  It's only being raised now because Democrats *need something* to hate the president for now that their Russian conspiracy has been disproved.  If you want to run against Trump's policies, fine, I'm all for that.  If you want to debate the issues, that sounds great.  If you want to argue with me over why Trumps appraisals 20 years ago should have been lower, I don't particularly care, and neither do most Americans at this point.  Democrats are avoiding the issues -- immigration, trade, taxes -- because they don't have any good ideas.  The only ideas they have are so radical that even most mainstream Democrats are running from them.  It's much easier to simply run on a policy of ""against Trump"" than to do the hard work of thinking up ideas and policy positions that are good for Americans.",0,1554077932,t1_ejuaz5y,t3_b7sa1t,1
9,agent_9,politics,It's a weird spot.  I cannot envision a scenario where something as big as healthcare will ever get done on a bi-partisan basis.  Same with immigration reform.  Some of the most important legislation our country needs seems to be so far away from a chance of something productive happening.,0,1554078015,t1_ejubott,t3_b7t4xp,2
10,agent_10,politics,"Not that I don't agree with you, but this is borderline propaganda speak. I don't  doubt a lot of this is true, but trashing people who live in trailer homes or who have dropped out of high school isn't the way to present your point. Take the high road people, even when your enemy does not. That's why it's called the high road.",0,1554078043,t1_ejtx05g,t3_b7sa1t,4
11,agent_11,politics,Illegal immigration is at its lowest point in decades.  Illegal immigration has been decreasing steadily for decades.  There is no crisis. Only racist dogwhistles.,-2,1554078078,t1_eju8thk,t3_b7u8ns,26
12,agent_12,politics,"Cancun, the 'Mexico' south of the border wall and the country which produces the migrant caravans.. That's three right there.",-1,1554078242,t3_b7uq4q,t3_b7uq4q,3
13,agent_13,politics,"She died while in custody, not because of it. The sickness killed her. And if these asylum seekers were coached by lawyers, I’d imagine they’d know at least a little English or knew what they were signing off on.   While I do feel immense sympathy for the family and quite frankly all the other people who actually need help. But you have to look at the practical point of view. The US can’t handle taking in millions of asylum seekers who will mostly end up on welfare.   I’ll bet you can’t name more than 5 first world countries that are directly contiguous with a 1st world country (these migrants mostly economic or they make it sound like Mexico is a 1st world country). Countries like Canada, the UK, Spain, and so on don’t have any migrant issues, or at the very least it was a one-off thing, not a perpetual onslaught. Germany promised to take in a bunch of Syrian and Muslim refugees and quickly backed out after realizing they couldn’t handle the influx.",1,1554078246,t1_ejtsija,t3_b7neyk,-2
14,agent_14,politics,"Actually this is what they tell people.  Also, if you’re ever sick and don’t have money to pay, go to the ER and say you don’t have papers.  Works for short term things.    Yes CHIRLA has lawyers that go down to the border and do pro bono shit and tell people how to talk and what to say.",1,1554078790,t1_ejt1lvh,t3_b7neyk,1
15,agent_15,politics,That's a pretty wacky assumption. The US has much higher living standards than Guatemala. There are very clear economic incentives to migrate northward regardless of whether or not you have a legitimate asylum claim or plan to seek asylum.,1,1554079074,t1_ejt8ubl,t3_b7hd8u,1
16,agent_16,politics,"What's scariest is that these most motivating comforting falsehoods are hating minorities and immigrants and people who are different than them for the sake of hate. It doesn't matter how much policy hurts the economy, the environment, healthcare and their lower and middle class hick lives as long as they get their consumption of hatred towards ""the other sports team"" and ppl who are different. And they use their religion as their shield to say I'm a good christian so I know I'm right. And as long as they stay consuming the same vile media they will stay zombies of hate. Right wing media is arguably worse than meth. Meth might kill you quicker but at least it doesn't necessarily get you to support and contribute to the hate and harm of others for your entire life.",-2,1554079363,t1_ejtbv7o,t3_b7oqf5,3
17,agent_17,politics,"I'm kind of giggling at the downvotes.  It speaks to a total misunderstanding of how the system works.  Until people wade through the operational morass of FAA chief counsel opinions to find that 135.225 had a typo in it for nearly a decade, or that the inspector guidance in the 8900 isn't actually regulatory, or have to deal with the hilariously reactionary cold weather correction NOTAM they cannot possibly understand how broken the system is.  ""The regulations are written in blood"" is something you tell new pilots so they don't do anything stupid.  The reality is that some are written in blood, but many regulations border on tautology.  They are that way because they are that way.  Meanwhile, if you have the money you can get literally anything approved.",0,1554080029,t1_ejubb8u,t3_b7r6c8,-8
18,agent_18,politics,Except fleeing a unsafe country to seek asylum is not illegal,-2,1554080205,t1_ejtrnu3,t3_b7mxw5,2
19,agent_19,politics,I'm gonna bribe the border guards in Niagara with donuts to look the other way for a couple of minutes and everyone is sneaking up here.  Someone else will coordinate the Minnesota/Thunder Bay crossing.  TBA,0,1554080271,t1_eju7ov6,t3_b7sa1t,1
20,agent_20,politics,Is that before or after clearing up Melanie's immigration status?,-1,1554081272,t1_eju76p0,t3_b7sa1t,2
21,agent_21,politics,"I don’t disagree with you, however, a perfect democracy is a system that can never exist much like perfect communism. The facts are that not all (and possibly not most) people are altruistic, and for something like “ban the billionaires” to work you would have to do it internationally not just in one nation.    The problems are always that groups in society often benefit at the cost of another (ie: allocating more for education means taking away from the military which employs x amount of people and contractors (rough example I know)) - but essentially people never agree on anything. Couple that with people belonging to more than one group (day military and gay) and people will often choose the lesser of two evils. So any large sweeping changes are almost impossible to implement, and difficult to keep as they will often change when you get a change in power - particularly in countries with only two ruling parties.  Populism has many definitions but essentially it’s goal is to focus on one group (immigrants/Jews/LGBT/USA/etc) to blame for the problems of the nation rather than looking internally - unfortunately people are easily led to blame others for their problems.",0,1554081387,t1_ejtbwp1,t3_b7h6fn,1
22,agent_22,politics,"Right, if you go to Canada and want asylum in the US instead, then too bad. The US and Canada have an agreement of third safe country.   However there is no such agreement between the US and Mexico.   Does that make sense? Here is a longer explanation from a Time article:    *The United States is also a signatory. And while Mexico is required to offer protection for refugees under international law, migrants have no obligation to request it there. If migrants like those traveling in the caravan that began in Honduras want to seek asylum in the United States, they have the right to try, says Doris Meissner, the director of the U.S. Immigration Policy Program at the Migration Policy Institute.*  *”We do have an obligation as a country under international law to allow people to apply for protection, even if they have come through another country,” Meissner tells TIME.*  *The exception is if there is a “safe third country” agreement in place.*  http://time.com/5431447/donald-trump-threat-turn-back-caravan-migrants-not-legal/  To be clear, **there is not a third safe country agreement in place between the US and Mexico.**",1,1554081485,t1_eju00xq,t3_b7b4js,1
23,agent_23,politics,I don't think Bateman would gleefully rub his hands together at the idea of hurting immigrant children unless he was the one doing the hurting. I don't know if that makes him better or worse than Trump supporters.,-2,1554081517,t1_ejuao5g,t3_b7sa1t,1
24,agent_24,politics,"Goa was Indian in what was recognised as India. Completely different story. Crimea, the Sinai, the Golan Heights was never respected as Russian or Israeli and especially in the latter didn’t have anyone in those borders who wanted to be part of Israel.   These were conquests of annexation only akin to what we saw during WW2 and before the norms based international order.",0,1554081624,t1_ejubj6x,t3_b7b08q,1
25,agent_25,politics,Making accusations is easy. Backing them up is not your best strength. Just like the Russian collusion and there is no urgency at the border. The left makes statements with no proof!  Trump brings the fame to fruition,0,1554081628,t3_b7oqf5,t3_b7oqf5,-1
26,agent_26,politics,"Why wouldn't you believe the parent and remember it's not a gang of officers patrolling at night. We've had an influx of immigrants and they were overwhelmed therefore they had to make numerous trips. Im here in texas and know the details. Their job was to get them to the facility then examine during official intake. Regular cops don't assess you on the side of the rode, they transport, then during intake people are assessed.",1,1554081729,t1_ejt5ki7,t3_b7hd8u,1
27,agent_27,politics,"The fact that society can't be *perfect* doesn't mean we can't improve it! And one way to do that would be to give more people a say in things -- i.e. more democracy. Capitalist society is naturally run for the benefit of a minority, because they're the ones with the most money, hence the most power. That's contrary to democracy. We can do better.  &amp;#x200B;  &gt;you would have to do it internationally not just in one nation  Agreed, capitalism is international and our analysis must be international as well.  &amp;#x200B;  &gt;Populism has many definitions but essentially it’s goal is to focus on one group (immigrants/Jews/LGBT/USA/etc) to blame for the problems of the nation rather than looking internally  &amp;#x200B;  That sounds like a good description of demagoguery. Inasmuch as ""populism"" is a meaningful term, I'd say it's more about drawing a contrast between ""regular people"" and ""elites,"" but it's a term that flattens ideology and  doesn't communicate much. [This piece is a good exploration of how the word has been abused.](https://medium.com/@CitationsPodcst/episode-42-populism-the-medias-favorite-catch-all-smear-for-the-left-ed631c8867ce)",0,1554081964,t1_ejufy1j,t3_b7h6fn,1
28,agent_28,politics,"I mean, the Confederates were unamerican, even though there were a lot of them. Anti immigrant anti free press following foreign disinformation... Seems unamerican.",-2,1554082250,t1_ejtvbys,t3_b7o2l5,2
29,agent_29,politics,"All those horrible Catholic immigrants with their mysterious Christian values, gotta keep them out lest our country become more faithful",-1,1554082459,t1_eju0jr9,t3_b7oqf5,1
30,agent_30,politics,"Trump is determined to spread havoc and dissension. Between taking away health insurance for millions, closing the southern border that thousands of people and billions of dollars use daily, and screaming about the press, the dems, the FBI, as another of his illegal workers is in the news, I don't see what we are getting for our money. He feels entitled to regular golf vacations at 3.4 million a weekend jaunt, but, all he gives us, is fake news, lies, and problems.",-2,1554082568,t3_b7oqf5,t3_b7oqf5,3
31,agent_31,politics,"&gt; When their entire philosophy on healthcare is that you should not have it, and they are proposing to kill millions of people by revoking their access to healthcare, then what would you call them?   The conservative pushback to government-run healthcare is mainly that it would be ineffective and inefficient to implement, not that certain people don't deserve medical treatment. No one denies that every American should have access to healthcare, and frankly this sort of alarmist talk doesn't do much good in our divided political climate. You could easily establish a more direct relationship between abortion and the proposed killing of millions of people, but even if I were staunchly pro-life I would find it intellectually dishonest and quite uncharitable to assume that pregnant women in their desperation would actively relish the intentional killing of human beings.  &amp;#x200B;  &gt; Come talk to me about our opinions when we start locking up children in cages.   The left sees the unconscionable detainment of children in cages, while the right sees it as justified enforcement of immigration policy.   The right views abortion as the immoral killing of unborn children, while the left sees it as the rightful enforcement of a woman's bodily autonomy.   Even without taking a stance I'm sure you can recognize how simply re-framing an issue from a different angle can make one side appear morally righteous and the other look like the Antichrist.",0,1554082647,t1_ejua430,t3_b7rdjp,-5
32,agent_32,politics,"Well, that's democracy. Every vote counts. It's all about compromise.  I wish Bernie had won the nomination in 2016. He might have prevented the realignment. But we are where we are. I don't trust the anti-immigrant/anti-free-traders voters to come back. That's the problem.",-1,1554082953,t1_ejuel6l,t3_b7urz0,2
33,agent_33,politics,"Isn't the american dream to be able to be successful on your own with no handouts from the government, no excuses?  How come when you don't make it, all of a sudden it's somebodies fault?  The democrats, the immigrants, It's always somebody fault but their own  We blindly write a blank check to the government in the name of security but when we're talking about progressives movements they say it's ""socialism""  The government has a lot of responsibilities, helping citizens is one of them.",0,1554082976,t1_ejuexjt,t3_b7sa1t,2
34,agent_34,politics,"As an American, this is so embarrassing and demoralizing. We are a nation full of really good and rational people, but we let the grifters, con artists and ideologists take the wheel and allow the monsters to come out of hiding.  Vetting should have been done and careful policies should have been used to prevent this horror from happening.  After hearing another child this week died from infection at our barb-wired border stations, it took all of my effort not to cry at what monsters we have become. I wish I went into law now just to be in a position to do something.",1,1554083247,t1_ejto9ae,t3_b7k2eb,1
35,agent_35,politics,"Hello again friend, I just came across an article that I think will help you understand my perspective a bit more.   http://archive.today/L3pqd   We both want the best for everyone, we just disagree on how to achieve that. There is one example of how opening borders, and incentivizing people to come to the country causes horror for those attempting to cross. Whether it’s legal or illegal to actually cross, the trek along these fucked up countries is always dangerous. Sexual harassment and human trafficking is a real problem   That’s just one of the many reasons I think we need to get our shit straight and stop incentivizing people to risk their lives in attempt to come to America. If they immigrated legally, they wouldn’t have to worry about getting raped on the way   Here’s another link shedding light on this issue  https://m.huffpost.com/us/entry/us_5806972 80% rape rate?   Clearly something needs to be done, the only way I see to stop this is to somehow stop people from attempting to make the dangerous trek, so that would mean we have to make it not worth it to illegally immigrate. All immigration needs to be legal, as we are a country with laws, for good reason, to avoid shit like this!",0,1554083342,t1_ejtcov8,t3_b7b4js,1
36,agent_36,politics,It encourages people fearful or anxious about deportation to lie on the census.,-1,1554083379,t1_ejuhzz9,t3_b7u8ns,27
37,agent_37,politics,I support Trump on the Border just like I supported Obama.  My dads side of the family legally immigrated to the USA in the early to late 1900s.  They did not break laws.  They didn’t ruin it for people who are following the laws that were created by our democratically elected officials.  When it comes to immigration we are the most welcoming country in the world.  I’ve seen first hand(deployments) how other countries handle illegal immigrants at the border and how much stricter they are in allowing people in.    The media and the left is twisting this entire debate to make one side look evil and they are using it as a weapon. If they really gave a shit like I do then they would support tougher border policies and work on a solution that benefits legal immigrants.  If you want the truth and facts instead of relying on the media for it then I suggest you look up Obama’s policies and compare them to Trumps.  The results will surprise you.  The best example of this being the tear gas debacle.  It was used under Obama just as many times.  Having tax payers support illegal immigrants is wrong and look at the state of California and how it has effected their budget.  The majority of the country supports Trump on this even though we might not support his other policies.  If it wasn’t for legal immigration and following the law then I might not even be here today.  So r/politics wake up and stop eating everything up the media tells you.  Downvoted me and you can’t even state why.  Typical of this sub.  If you don’t follow this subs skewed mindset then you are automatically wrong.,1,1554083533,t3_b7p8cm,t3_b7p8cm,-2
38,agent_38,politics,"Libya and Syria weren't so great. As far as foreign policy blunders go, arming terrorists to overthrow the government while creating the largest refugee crisis in modern history and turning the refugees into rallying cries for far right populist political parties throughout Europe is up there.   Just saying.",1,1554083856,t1_eju9b26,t3_b7sycp,9
39,agent_39,politics,"Every article I’ve read said that when her father said she was sick to her stomach (on the way to the Border Patrol station) the officials notified the station to have an EMT waiting for her. When she got there, her condition had worsened and she was taken via helicopter to the hospital.",1,1554083878,t1_eju3687,t3_b7mxw5,1
40,agent_40,politics,"No they aren't less human, they fled their country illegally though. Why not come in legally? And I will admit our immigration system needs to be faster, but really, it's not impossible to get in the country. If those immigrants have clean background checks, they can come in. If they don't, they should be deported. We dont need criminals in our country.",2,1554084089,t1_ejs5r19,t3_b7b4js,0
41,agent_41,politics,Vice would be a lot easier to watch if they didn't take a side from the very beginning   .. our country is massively generous already and we take in over a million LEGAL migrants a year that take their place in line and go through a gamut of interviews and tests .. if these migrants are too arrogant and entitled to understand that they deserve deportation,1,1554084216,t3_b7kdsk,t3_b7kdsk,1
42,agent_42,politics,"Actually, no.  The DCCC is about protecting the interests of the DCCC, which are *not* necessarily the interests of the Democratic voters.    For instance, they strongly back -- often require -- the use of DCCC approved campaign staffers, consultants, etc.  They are legendary for getting in the way of many campaigns and forcing them to effectively run 90s style boring centrist campaigns that are out of touch.  This is why many candidates refuse their money, because it comes with real bad strings attached.  Moreover, they currently passed a rule saying they will support incumbents in the primary.  So no, they are not really good, and I think the only thing we should be doing with respect to the DCCC is forcing them to reform.  Their track record is borderline godawful.  Look at the GOP -- despite having policies that are far less popular than Democratic policies, they are crushing it at state level, have had control of the House most of the time, etc.  And before you scream gerrymander / structural advantages, remember, its the DCCC's job to ensure this does not happen / to make the playing field as favorable to Dems as possible.  At this they failed miserably.     DCCC needs to be rebuilt from the ground up.  Its current incarnation is unacceptable.",0,1554084738,t1_eju3l3t,t3_b7r0a7,15
43,agent_43,politics,The fled their countries to come to get a better life here in the US. Now the US is being a hypocrite and treating immigrants like N Korea or China does.,-2,1554084944,t1_ejuj249,t3_b7b4js,1
44,agent_44,politics,"anti-immigration policies are racist/xenophobic, it's literally excluding people based on the criteria of being ""others""  But yeah I agree that the liberal/conservative spectrum doesn't really work anymore, that kind of tails into my point. You can't get people to change their mind by presenting a lukewarm imitation of what they already have, you have to offer something better in a measurable way",-2,1554085113,t1_ejuk0yq,t3_b7urz0,7
45,agent_45,politics,"&gt;In response to a questions about immigration in general, and [Donald Trump’s](https://www.independent.co.uk/topic/donald-trump) threat to shut down the US-Mexico border, the Pope said he could not understand in his head or his heart, how a government could be so cruel to erect razor wire concertina-wired fences to keep out migrants, or prevent migrant rescue boats from docking in ports – something he said he had been told was happening in the Spanish enclave of Ceuta.       That seems like a lot more than apparent.",-1,1554085395,t3_b7vxo5,t3_b7vxo5,124
46,agent_46,politics,"Versus the current certainty of extremist right wing judges with lifetime appointments, constant regulatory capture of industries and almost certain war crimes being committed on our Southern border.  All for the chance at a Bernie presidency 2 years from now.  Certain damage now vs. a potential solution you like in the future.  Thats what Stein voters like you have achieved.",-1,1554085464,t1_ejuehor,t3_b7th45,5
47,agent_47,politics,"That is crazy and reckless policy. It is one thing to build a wall, it is another to close a border where there is plenty of legal commerce going on.",-2,1554086056,t3_b7w6vq,t3_b7w6vq,22
48,agent_48,politics,"I would think border security would include some standard screening to identify potentially life-threatening communicable diseases in order to prevent them from spreading to uninfected immigrants and/or US citizens. The girl didn't end up having measles, or Ebola, or SARS, or influenza, or some other highly-communicable disease, but she probably did have a high enough fever to have raised concerns that she needed to be kept her away from other passengers.  Alas, I'm probably expecting too much.",1,1554086377,t1_ejukegv,t3_b7hd8u,1
49,agent_49,politics,He says he's going to cut prescription drug prices by 50%. That's about as realistic as Trump's wall solving the illegal immigration problem.,-1,1554086446,t1_ejujrgy,t3_b7vmcm,6
